{"contours":[{"level":0.3,"pts":[[80.7014,7.28553],[80.70009,7.28592],[80.69885,7.2864],[80.69714,7.28673],[80.69544,7.28658],[80.69374,7.286],[80.69288,7.28569],[80.69118,7.28577],[80.69033,7.28657],[80.68954,7.28762],[80.68886,7.28847],[80.688,7.28932],[80.68692,7.29],[80.68607,7.29019],[80.68448,7.29017],[80.68352,7.29016],[80.68267,7.29024],[80.68096,7.29018],[80.68011,7.28946],[80.67926,7.28882],[80.67841,7.28832],[80.6767,7.28772],[80.67585,7.28755],[80.67415,7.28743],[80.67246,7.28677],[80.672,7.28592],[80.67147,7.28507],[80.67053,7.28422],[80.66904,7.2839],[80.66734,7.28417],[80.66649,7.2844],[80.66478,7.28492],[80.66393,7.28524],[80.66223,7.28568],[80.66102,7.28507],[80.66138,7.28401],[80.66221,7.28252],[80.66262,7.28167],[80.66308,7.28069],[80.66393,7.27936],[80.66478,7.2786],[80.66563,7.27819],[80.66734,7.27802],[80.66853,7.27827],[80.66989,7.27867],[80.67159,7.27865],[80.67245,7.27826],[80.67354,7.27742],[80.67451,7.27657],[80.67578,7.27572],[80.6767,7.27535],[80.67841,7.27507],[80.68011,7.27487],[80.68096,7.27478],[80.68267,7.27481],[80.68352,7.275],[80.68503,7.27572],[80.68607,7.27643],[80.68692,7.27701],[80.68777,7.27748],[80.68948,7.27753],[80.69033,7.2771],[80.69118,7.27652],[80.69234,7.27572],[80.69374,7.27494],[80.69459,7.27455],[80.69629,7.27408],[80.69714,7.27399],[80.69836,7.27402],[80.6997,7.27419],[80.7014,7.27443]]},{"level":0.3,"pts":[[80.59325,7.23865],[80.59495,7.23871],[80.59581,7.23969],[80.59587,7.24086],[80.59549,7.24171],[80.59495,7.2426],[80.5941,7.24389],[80.59342,7.24511],[80.59288,7.24596],[80.59172,7.24681],[80.5915,7.24681],[80.5911,7.24511],[80.59145,7.24341],[80.59161,7.24256],[80.59181,7.24086],[80.5924,7.23923],[80.59325,7.23865]]},{"level":0.3,"pts":[[80.58303,7.2533],[80.58473,7.25293],[80.58644,7.25298],[80.58814,7.25323],[80.58912,7.25361],[80.59033,7.25446],[80.59109,7.25531],[80.59168,7.25616],[80.5924,7.25741],[80.59303,7.25871],[80.59347,7.25956],[80.5941,7.26058],[80.59495,7.26154],[80.59581,7.26225],[80.59692,7.26296],[80.59777,7.26382],[80.59809,7.26552],[80.59751,7.26656],[80.59666,7.26733],[80.59509,7.26807],[80.5941,7.26851],[80.59325,7.26904],[80.5924,7.27003],[80.59185,7.27147],[80.59157,7.27317],[80.59147,7.27402],[80.59133,7.27572],[80.5907,7.27662],[80.58899,7.27685],[80.58814,7.27646],[80.58734,7.27487],[80.58763,7.27317],[80.58814,7.27176],[80.58827,7.27062],[80.5878,7.26977],[80.58644,7.269],[80.58559,7.26881],[80.58399,7.26892],[80.58303,7.26927],[80.58166,7.26977],[80.58048,7.27003],[80.57877,7.27007],[80.57707,7.26987],[80.57622,7.26966],[80.57462,7.26892],[80.57366,7.26822],[80.57281,7.26742],[80.57259,7.26637],[80.57366,7.26571],[80.57452,7.2653],[80.57585,7.26467],[80.57707,7.26412],[80.57792,7.26375],[80.57963,7.26305],[80.58048,7.26273],[80.58218,7.26219],[80.58303,7.26179],[80.58388,7.26113],[80.58473,7.25959],[80.5849,7.25871],[80.58473,7.25711],[80.58404,7.25616],[80.58303,7.25556],[80.58218,7.25476],[80.58218,7.25416],[80.58303,7.2533]]},{"level":0.3,"pts":[[80.61539,7.25866],[80.61709,7.2585],[80.61795,7.25902],[80.61866,7.26041],[80.61882,7.26126],[80.6188,7.26253],[80.61858,7.26382],[80.61821,7.26552],[80.61965,7.26566],[80.62135,7.26618],[80.6222,7.26717],[80.62248,7.26807],[80.62278,7.26977],[80.62306,7.27101],[80.62339,7.27232],[80.62391,7.27378],[80.62441,7.27487],[80.62485,7.27572],[80.62561,7.27704],[80.62643,7.27827],[80.62712,7.27912],[80.62789,7.27997],[80.62868,7.28082],[80.62945,7.28167],[80.63021,7.28252],[80.63098,7.28337],[80.63186,7.28422],[80.63327,7.28504],[80.63413,7.28531],[80.6358,7.28592],[80.63668,7.28628],[80.63768,7.28677],[80.63924,7.28751],[80.64009,7.28769],[80.64094,7.28743],[80.64179,7.28676],[80.64277,7.28592],[80.64385,7.28507],[80.64509,7.28422],[80.64605,7.28366],[80.6469,7.28326],[80.6486,7.28271],[80.65031,7.28259],[80.6519,7.28337],[80.65244,7.28422],[80.65286,7.28583],[80.65316,7.28677],[80.65456,7.28751],[80.65542,7.28764],[80.65681,7.28847],[80.65677,7.29017],[80.65627,7.2914],[80.65547,7.29273],[80.65494,7.29358],[80.65449,7.29443],[80.65385,7.29613],[80.65357,7.29698],[80.65291,7.29868],[80.65217,7.29953],[80.65116,7.29992],[80.64945,7.29975],[80.6486,7.29917],[80.64775,7.29797],[80.64712,7.29698],[80.64652,7.29613],[80.64596,7.29528],[80.6452,7.29401],[80.64434,7.29275],[80.64349,7.2919],[80.64264,7.29137],[80.64094,7.2917],[80.64047,7.29273],[80.64009,7.29358],[80.63943,7.29528],[80.63916,7.29613],[80.63892,7.29783],[80.63874,7.29953],[80.63844,7.30123],[80.63838,7.30208],[80.63861,7.30293],[80.63934,7.30378],[80.64094,7.30456],[80.64179,7.30469],[80.64335,7.30463],[80.64434,7.30451],[80.64605,7.30455],[80.6469,7.30488],[80.64775,7.3055],[80.64863,7.30633],[80.64945,7.30773],[80.64974,7.30888],[80.64978,7.31058],[80.64955,7.31228],[80.64936,7.31313],[80.64893,7.31483],[80.6486,7.31594],[80.64812,7.31738],[80.64775,7.31875],[80.64775,7.31953],[80.6485,7.32079],[80.64945,7.32163],[80.65031,7.32238],[80.65116,7.32298],[80.65201,7.32344],[80.65302,7.32419],[80.65286,7.32565],[80.65116,7.32553],[80.65002,7.32504],[80.6486,7.32482],[80.64775,7.32512],[80.64636,7.32589],[80.6452,7.32655],[80.64434,7.32705],[80.64349,7.32774],[80.64264,7.32916],[80.64223,7.33014],[80.64179,7.33103],[80.64094,7.33204],[80.63924,7.33238],[80.63838,7.33177],[80.63753,7.33074],[80.63668,7.32976],[80.63498,7.32957],[80.63413,7.33023],[80.63319,7.33099],[80.63193,7.33184],[80.63072,7.33267],[80.62987,7.33344],[80.62902,7.33433],[80.62816,7.33514],[80.62731,7.33578],[80.62646,7.33623],[80.62476,7.33673],[80.62306,7.33691],[80.6222,7.33698],[80.6205,7.33744],[80.61965,7.33793],[80.61795,7.33859],[80.61624,7.33841],[80.61484,7.33779],[80.61369,7.33697],[80.6129,7.33609],[80.61239,7.33524],[80.6121,7.33354],[80.6127,7.33184],[80.61332,7.33099],[80.61415,7.33014],[80.61534,7.32929],[80.61369,7.32861],[80.61258,7.32844],[80.61113,7.32808],[80.61024,7.32759],[80.60943,7.32674],[80.60895,7.32504],[80.60943,7.3239],[80.61028,7.32323],[80.61198,7.32283],[80.61369,7.32282],[80.61539,7.32264],[80.61624,7.32221],[80.61709,7.3214],[80.61795,7.32001],[80.61822,7.31909],[80.61804,7.31738],[80.61761,7.31653],[80.61709,7.3156],[80.61646,7.31398],[80.6163,7.31228],[80.61709,7.31114],[80.6188,7.31142],[80.61965,7.3118],[80.62072,7.31228],[80.6222,7.31294],[80.62306,7.3133],[80.62476,7.31393],[80.62561,7.3141],[80.62685,7.31398],[80.62816,7.31346],[80.62902,7.31306],[80.63067,7.31228],[80.63157,7.31153],[80.63169,7.31058],[80.63141,7.30973],[80.63072,7.30836],[80.63011,7.30718],[80.62985,7.30633],[80.62984,7.30463],[80.63006,7.30378],[80.63052,7.30208],[80.63062,7.30038],[80.63031,7.29868],[80.62987,7.29772],[80.62902,7.2968],[80.62813,7.29613],[80.62646,7.29543],[80.62549,7.29528],[80.62391,7.29511],[80.6222,7.29493],[80.6205,7.29464],[80.61965,7.29432],[80.61851,7.29358],[80.61774,7.29273],[80.61712,7.29103],[80.61705,7.29017],[80.61693,7.28847],[80.61635,7.28677],[80.61562,7.28592],[80.61454,7.28512],[80.61369,7.28459],[80.61284,7.28399],[80.61198,7.28282],[80.61156,7.28167],[80.61113,7.28065],[80.61028,7.27935],[80.60943,7.27831],[80.6087,7.27742],[80.60794,7.27657],[80.60688,7.27585],[80.60602,7.2756],[80.60432,7.27528],[80.60324,7.27487],[80.60197,7.27402],[80.60143,7.27317],[80.60116,7.27147],[80.60127,7.26977],[80.60137,7.26807],[80.60104,7.26637],[80.60082,7.26552],[80.60083,7.26382],[80.60148,7.26296],[80.60262,7.26278],[80.60432,7.26248],[80.6053,7.26211],[80.60654,7.26126],[80.60748,7.26041],[80.60858,7.2596],[80.60943,7.2592],[80.61113,7.25886],[80.61284,7.2591],[80.61454,7.259],[80.61539,7.25866]]},{"level":0.3,"pts":[[80.59921,7.25944],[80.60006,7.25969],[80.60049,7.26126],[80.59921,7.26176],[80.59872,7.26041],[80.59921,7.25944]]},{"level":0.3,