{"lats":[7.223,7.23199,7.24099,7.24998,7.25897,7.26796,7.27696,7.28595,7.29494,7.30394,7.31293,7.32192,7.33091,7.33991,7.3489,7.35789],"lons":[80.566,80.57507,80.58413,80.5932,80.60226,80.61133,80.6204,80.62946,80.63853,80.64759,80.65666,80.66573,80.67479,80.68386,80.69293,80.70199],"elev":[[538.6,512.8,546.7,512.5,482.5,636.7,665.5,895.6,1157.1,991.6,1027.2,1072.8,1023.0,813.5,792.5,716.7],[523.2,549.3,520.6,552.9,487.3,719.7,842.7,1113.3,1104.0,887.6,876.5,906.1,732.5,702.5,572.7,515.0],[531.5,549.9,535.0,497.3,582.8,799.5,985.8,1037.2,920.5,769.3,742.0,792.0,671.8,643.5,644.0,570.4],[527.6,530.3,509.4,492.5,628.1,653.2,776.8,955.0,793.3,669.2,642.8,568.8,514.1,501.4,521.5,562.1],[533.9,510.0,519.0,472.3,575.1,640.5,779.3,1043.6,808.8,747.9,701.7,715.0,555.3,528.0,537.0,590.5],[520.0,501.6,561.0,479.9,476.6,515.6,644.1,755.4,822.0,947.5,630.1,525.7,562.1,546.3,460.2,427.1],[526.5,538.2,517.2,474.9,533.6,574.5,508.6,623.5,690.5,756.9,555.0,598.6,446.9,453.1,447.1,468.3],[541.9,617.5,559.0,576.0,511.9,481.0,570.8,504.4,615.4,541.1,589.6,442.4,456.3,478.3,493.3,462.6],[539.6,549.3,595.1,578.6,536.4,504.7,534.0,588.3,513.6,570.7,430.7,516.9,464.3,475.7,486.1,468.6],[610.0,572.5,600.4,604.3,462.6,513.0,492.1,558.6,525.6,464.7,480.4,494.7,485.7,501.7,457.9,474.1],[561.0,614.9,673.2,516.4,532.7,487.4,469.6,477.6,482.3,445.1,484.9,499.9,500.8,491.3,480.8,518.9],[620.5,570.6,574.0,553.6,545.8,500.8,467.7,469.4,468.4,461.1,485.0,487.9,510.0,507.5,520.3,508.8],[602.3,572.1,558.0,557.3,506.2,482.4,466.6,453.6,440.7,492.1,483.1,481.4,493.7,522.6,533.9,585.1],[554.4,552.8,531.2,495.6,516.5,477.5,457.8,471.9,456.3,479.7,499.1,480.4,513.8,519.7,541.4,715.2],[564.0,523.4,509.6,493.3,503.5,453.5,467.3,515.3,525.4,521.5,530.3,484.3,560.3,520.9,573.5,603.8],[536.1,538.1,522.9,494.1,541.0,461.5,482.2,512.2,552.1,521.0,498.9,552.3,544.0,568.1,703.6,699.6]],"pop":[[1943.7,2854.0,1333.2,1926.2,1637.7,1220.0,791.6,223.1,182.4,298.0,283.4,495.6,590.2,539.1,558.1,470.6],[1611.7,1721.4,1788.7,2503.5,1228.5,817.3,244.2,234.1,433.9,536.6,528.2,556.6,1068.9,1463.5,897.5,852.8],[1729.5,1347.9,1660.1,2486.7,1142.8,319.9,196.8,398.6,715.7,521.0,537.6,593.1,1222.7,975.0,840.9,1472.8],[1611.3,1865.6,2172.7,2060.6,886.8,599.2,384.2,591.9,624.5,1035.8,1636.9,773.3,988.5,902.5,992.3,683.8],[2533.0,2669.3,2963.3,2997.2,1903.7,3504.8,973.8,807.3,1101.3,1432.1,1241.2,1089.6,1213.9,1390.1,853.4,897.7],[1584.9,3049.2,3133.5,2027.8,2279.9,3695.8,2919.8,838.7,447.7,536.2,2623.1,2500.0,1451.4,2019.1,1411.8,1050.4],[1502.5,2272.6,2733.2,1199.2,1014.5,2256.3,5101.3,2483.6,1127.2,1238.5,3295.6,2536.2,2141.0,2581.4,1963.6,2072.9],[1564.7,1824.6,1272.8,1025.4,1837.0,1743.5,3815.7,7554.6,2655.2,2901.3,3441.2,2357.9,2767.5,1557.2,1308.1,1356.2],[1498.8,1570.4,1037.3,1086.6,1275.4,2134.4,2066.6,5009.4,2189.2,2272.2,2733.5,1869.6,2200.9,2476.2,1134.3,1194.4],[1437.1,951.4,1017.6,1017.2,1791.1,3559.2,2106.4,8805.2,3146.5,3514.3,3096.5,2551.3,2622.9,1963.4,1992.9,2054.3],[1273.8,940.3,1385.2,1892.1,2271.1,2535.5,3074.5,3544.9,4266.0,3417.7,1507.0,1586.7,1272.5,1214.9,2303.4,2887.1],[968.6,1405.1,2270.4,1336.7,3393.5,3064.4,5940.0,4057.7,3476.4,2697.3,2258.3,2847.4,2044.4,1780.3,1651.6,1419.9],[1504.1,2208.8,2554.1,2401.4,1855.1,2172.6,3586.5,3948.2,3256.8,2414.5,2709.2,5617.7,4030.4,1137.9,907.5,875.2],[1051.2,1134.9,1466.8,1905.4,1629.5,1344.9,2657.2,2497.9,2137.4,2628.6,2126.8,1753.5,1598.2,1424.2,1232.4,755.7],[944.5,1138.3,1089.9,1424.3,881.2,2092.8,1889.7,1296.1,1210.4,1864.1,1189.9,1316.7,1762.3,2390.0,795.5,823.4],[1294.3,967.8,793.2,973.6,2295.0,3475.6,2216.1,992.5,1192.5,986.8,804.1,1371.2,1481.5,1336.1,582.7,387.9]],"s_traffic":[[0.0019,0.0528,0.0123,0.1983,0.1388,0.1775,0.0032,0.0,0.0,0.0005,0.0,0.0,0.0022,0.0314,0.0101,0.0],[0.076,0.0931,0.0428,0.1732,0.1082,0.0927,0.0007,0.0,0.0003,0.0011,0.0006,0.0,0.0033,0.1065,0.0383,0.0],[0.0365,0.0583,0.0603,0.3333,0.057,0.0084,0.0,0.0037,0.0094,0.0082,0.0023,0.001,0.0043,0.0213,0.0193,0.0],[0.0779,0.1772,0.2069,0.2201,0.0259,0.0187,0.004,0.0244,0.0828,0.0362,0.0289,0.0087,0.0359,0.0184,0.0918,0.0],[0.106,0.094,0.2668,0.2976,0.205,0.3033,0.1948,0.0337,0.0731,0.0629,0.0849,0.0348,0.0581,0.0309,0.0855,0.0],[0.1411,0.3401,0.3361,0.3674,0.3702,0.5243,0.3363,0.0892,0.0179,0.0082,0.0592,0.379,0.1105,0.1189,0.1816,0.0],[0.1452,0.1061,0.1941,0.2811,0.1791,0.4295,0.6172,0.2199,0.096,0.0101,0.0569,0.1937,0.3355,0.4268,0.4083,0.0],[0.0053,0.1646,0.1026,0.0812,0.2498,0.2461,0.5325,0.561,0.214,0.5606,0.2267,0.2013,0.3715,0.4602,0.2882,0.0],[0.0688,0.0572,0.031,0.0302,0.0338,0.1436,0.2851,0.4347,0.43,0.5068,0.1483,0.0507,0.1388,0.1483,0.1048,0.0],[0.0554,0.0125,0.0517,0.0644,0.0232,0.3184,0.0756,0.2794,0.3714,0.2703,0.2654,0.2161,0.0542,0.156,0.1693,0.0],[0.0064,0.0725,0.0528,0.0732,0.0505,0.1161,0.3474,0.3053,0.5217,0.4168,0.0734,0.1194,0.0833,0.0638,0.0456,0.0],[0.0084,0.0718,0.1728,0.1398,0.3196,0.2172,0.5606,0.5394,0.4307,0.3314,0.1604,0.2214,0.1772,0.2034,0.1737,0.0],[0.1616,0.1409,0.1155,0.1677,0.0991,0.1999,0.5121,0.4406,0.3274,0.1521,0.0698,0.2042,0.2115,0.0287,0.0214,0.0],[0.0318,0.0203,0.0333,0.1171,0.0884,0.0654,0.2163,0.0718,0.1088,0.0785,0.0699,0.0341,0.0613,0.1012,0.0804,0.0],[0.0113,0.1223,0.0447,0.0508,0.0355,0.1634,0.1317,0.0781,0.0725,0.0953,0.022,0.0033,0.0834,0.4049,0.0217,0.0],[0.0603,0.0218,0.0282,0.0134,0.0281,0.143,0.0613,0.0346,0.0008,0.0048,0.0009,0.0106,0.0562,0.0284,0.0119,0.0]]}